{"stats":{"minecraft:mined":{"minecraft:jungle_fence":1,"minecraft:powder_snow":92,"minecraft:grass":1,"minecraft:grass_block":2,"iceandfire:ghost_chest":1,"minecraft:gravel":1,"minecraft:sand":2,"minecraft:dirt":9,"minecraft:oak_planks":1,"minecraft:fern":1},"minecraft:killed_by":{"iceandfire:ghost":1,"alexsmobs:tusklin":1,"minecraft:spider":1},"minecraft:used":{"minecraft:bread":5,"minecraft:map":1,"iceandfire:ghost_chest":1,"minecraft:gravel":1,"minecraft:sand":2,"minecraft:dirt":5,"tombstone:gift":2},"minecraft:dropped":{"tombstone:grave_key":1},"minecraft:custom":{"minecraft:time_since_rest":1,"minecraft:sprint_one_cm":46105,"minecraft:damage_taken":970,"minecraft:walk_one_cm":50467,"minecraft:trigger_trapped_chest":1,"minecraft:drop":1,"minecraft:damage_dealt":90,"minecraft:swim_one_cm":1494,"minecraft:fly_one_cm":113086,"minecraft:open_barrel":1,"minecraft:open_chest":2,"minecraft:crouch_one_cm":150,"minecraft:play_time":21332,"minecraft:deaths":3,"minecraft:sneak_time":51,"minecraft:walk_under_water_one_cm":5,"minecraft:jump":377,"minecraft:leave_game":3,"minecraft:time_since_death":54,"minecraft:walk_on_water_one_cm":64,"minecraft:total_world_time":21332,"minecraft:climb_one_cm":3549,"minecraft:fall_one_cm":7433},"minecraft:picked_up":{"iceandfire:ghost_chest":1,"minecraft:jungle_fence":1,"minecraft:gravel":1,"minecraft:sand":2,"tombstone:grave_key":1,"iceandfire:ectoplasm":3,"iceandfire:manuscript":4,"minecraft:dirt":5,"minecraft:bone":7,"minecraft:rotten_flesh":9,"iceandfire:graveyard_soil":1,"minecraft:iron_ingot":1,"minecraft:cobweb":1,"minecraft:oak_planks":1}},"DataVersion":3465}