{"stats":{"minecraft:picked_up":{"minecraft:dirt":3,"minecraft:gravel":1},"minecraft:used":{"minecraft:dirt":3,"minecraft:gravel":1},"minecraft:custom":{"minecraft:jump":100,"minecraft:time_since_rest":4807,"minecraft:leave_game":1,"minecraft:walk_on_water_one_cm":64,"minecraft:sprint_one_cm":8796,"minecraft:play_time":4807,"minecraft:damage_taken":90,"minecraft:time_since_death":4807,"minecraft:walk_one_cm":6469,"minecraft:total_world_time":4807,"minecraft:walk_under_water_one_cm":5,"minecraft:swim_one_cm":1494,"minecraft:fall_one_cm":1521,"minecraft:fly_one_cm":30467},"minecraft:mined":{"minecraft:powder_snow":26,"minecraft:gravel":1,"minecraft:dirt":3}},"DataVersion":3465}