{"stats":{"minecraft:custom":{"minecraft:time_since_rest":6025,"minecraft:crouch_one_cm":74,"minecraft:play_time":6025,"minecraft:sprint_one_cm":11149,"minecraft:walk_one_cm":6125,"minecraft:sneak_time":16,"minecraft:jump":64,"minecraft:leave_game":1,"minecraft:time_since_death":6025,"minecraft:total_world_time":6025,"minecraft:climb_one_cm":24,"minecraft:interact_with_crafting_table":3,"minecraft:fall_one_cm":1254,"minecraft:fly_one_cm":17049},"minecraft:picked_up":{"minecraft:birch_log":2,"minecraft:sand":1,"minecraft:oak_log":3},"minecraft:crafted":{"minecraft:oak_planks":12,"minecraft:crafting_table":1,"minecraft:stick":4,"minecraft:wooden_axe":1},"minecraft:mined":{"minecraft:oak_log":3,"minecraft:sand":1,"minecraft:birch_log":2},"minecraft:used":{"minecraft:wooden_axe":2,"minecraft:crafting_table":1,"alexsmobs:animal_dictionary":1}},"DataVersion":3465}